no,path,group,name
1,E:\Code_Source\X_pic\autoUI\autoUI_1_pic,1,activity_ui_0
2,E:\Code_Source\X_pic\autoUI\autoUI_1_pic,1,activity_ui_1
3,E:\Code_Source\X_pic\autoUI\autoUI_1_pic,1,activity_ui_2
4,E:\Code_Source\X_pic\autoUI\autoUI_1_pic,1,activity_ui_3
5,E:\Code_Source\X_pic\autoUI\autoUI_1_pic,1,activity_ui_4
6,E:\Code_Source\X_pic\autoUI\autoUI_1_pic,1,activity_ui_5
7,E:\Code_Source\X_pic\autoUI\autoUI_1_pic,1,activity_ui_6
8,E:\Code_Source\X_pic\autoUI\autoUI_1_pic,1,activity_ui_7
9,E:\Code_Source\X_pic\autoUI\autoUI_1_pic,1,activity_ui_8
10,E:\Code_Source\X_pic\autoUI\autoUI_1_pic,1,activity_ui_9
11,E:\Code_Source\X_pic\autoUI\autoUI_1_pic,1,activity_ui_10
12,E:\Code_Source\X_pic\autoUI\autoUI_1_pic,1,activity_ui_11
13,E:\Code_Source\X_pic\autoUI\autoUI_1_pic,1,activity_ui_12
14,E:\Code_Source\X_pic\autoUI\autoUI_1_pic,1,activity_ui_13
15,E:\Code_Source\X_pic\autoUI\autoUI_1_pic,1,activity_ui_14
16,E:\Code_Source\X_pic\autoUI\autoUI_1_pic,1,activity_ui_15
17,E:\Code_Source\X_pic\autoUI\autoUI_1_pic,1,activity_ui_16
18,E:\Code_Source\X_pic\autoUI\autoUI_1_pic,1,activity_ui_17
19,E:\Code_Source\X_pic\autoUI\autoUI_1_pic,1,activity_ui_18
20,E:\Code_Source\X_pic\autoUI\autoUI_1_pic,1,activity_ui_19
21,E:\Code_Source\X_pic\autoUI\autoUI_1_pic,1,activity_ui_20
22,E:\Code_Source\X_pic\autoUI\autoUI_1_pic,1,activity_ui_21
23,E:\Code_Source\X_pic\autoUI\autoUI_1_pic,1,activity_ui_22
24,E:\Code_Source\X_pic\autoUI\autoUI_1_pic,1,activity_ui_23
25,E:\Code_Source\X_pic\autoUI\autoUI_1_pic,1,activity_ui_24
26,E:\Code_Source\X_pic\autoUI\autoUI_1_pic,1,activity_ui_25
27,E:\Code_Source\X_pic\autoUI\autoUI_1_pic,1,activity_ui_26
28,E:\Code_Source\X_pic\autoUI\autoUI_1_pic,1,activity_ui_27
29,E:\Code_Source\X_pic\autoUI\autoUI_1_pic,1,activity_ui_28
30,E:\Code_Source\X_pic\autoUI\autoUI_1_pic,1,activity_ui_29
31,E:\Code_Source\X_pic\autoUI\autoUI_1_pic,1,activity_ui_30
32,E:\Code_Source\X_pic\autoUI\autoUI_1_pic,1,activity_ui_31
33,E:\Code_Source\X_pic\autoUI\autoUI_1_pic,1,activity_ui_32
34,E:\Code_Source\X_pic\autoUI\autoUI_1_pic,1,activity_ui_33
35,E:\Code_Source\X_pic\autoUI\autoUI_1_pic,1,activity_ui_34
36,E:\Code_Source\X_pic\autoUI\autoUI_1_pic,1,activity_ui_35
37,E:\Code_Source\X_pic\autoUI\autoUI_1_pic,1,activity_ui_36
38,E:\Code_Source\X_pic\autoUI\autoUI_1_pic,1,activity_ui_37
39,E:\Code_Source\X_pic\autoUI\autoUI_1_pic,1,activity_ui_38
40,E:\Code_Source\X_pic\autoUI\autoUI_1_pic,1,activity_ui_39
41,E:\Code_Source\X_pic\autoUI\autoUI_1_pic,1,activity_ui_40
42,E:\Code_Source\X_pic\autoUI\autoUI_1_pic,1,activity_ui_41
43,E:\Code_Source\X_pic\autoUI\autoUI_1_pic,1,activity_ui_42
44,E:\Code_Source\X_pic\autoUI\autoUI_1_pic,1,activity_ui_43
45,E:\Code_Source\X_pic\autoUI\autoUI_1_pic,1,activity_ui_44
46,E:\Code_Source\X_pic\autoUI\autoUI_1_pic,1,activity_ui_45
47,E:\Code_Source\X_pic\autoUI\autoUI_1_pic,1,activity_ui_46
48,E:\Code_Source\X_pic\autoUI\autoUI_1_pic,1,activity_ui_47
49,E:\Code_Source\X_pic\autoUI\autoUI_1_pic,1,activity_ui_48
50,E:\Code_Source\X_pic\autoUI\autoUI_1_pic,1,activity_ui_49
51,E:\Code_Source\X_pic\autoUI\autoUI_1_pic,1,activity_ui_50
52,E:\Code_Source\X_pic\autoUI\autoUI_1_pic,1,activity_ui_51
53,E:\Code_Source\X_pic\autoUI\autoUI_1_pic,1,activity_ui_52
54,E:\Code_Source\X_pic\autoUI\autoUI_1_pic,1,activity_ui_53
55,E:\Code_Source\X_pic\autoUI\autoUI_1_pic,1,activity_ui_54
56,E:\Code_Source\X_pic\autoUI\autoUI_1_pic,1,activity_ui_55
57,E:\Code_Source\X_pic\autoUI\autoUI_1_pic,1,activity_ui_56
58,E:\Code_Source\X_pic\autoUI\autoUI_1_pic,1,activity_ui_57
59,E:\Code_Source\X_pic\autoUI\autoUI_1_pic,1,activity_ui_58
60,E:\Code_Source\X_pic\autoUI\autoUI_1_pic,1,activity_ui_59
61,E:\Code_Source\X_pic\autoUI\autoUI_1_pic,1,activity_ui_60
62,E:\Code_Source\X_pic\autoUI\autoUI_1_pic,1,activity_ui_61
63,E:\Code_Source\X_pic\autoUI\autoUI_1_pic,1,activity_ui_62
64,E:\Code_Source\X_pic\autoUI\autoUI_1_pic,1,activity_ui_63
65,E:\Code_Source\X_pic\autoUI\autoUI_1_pic,1,activity_ui_64
66,E:\Code_Source\X_pic\autoUI\autoUI_1_pic,1,activity_ui_65
67,E:\Code_Source\X_pic\autoUI\autoUI_1_pic,1,activity_ui_66
68,E:\Code_Source\X_pic\autoUI\autoUI_1_pic,1,activity_ui_67
69,E:\Code_Source\X_pic\autoUI\autoUI_1_pic,1,activity_ui_68
70,E:\Code_Source\X_pic\autoUI\autoUI_1_pic,1,activity_ui_69
71,E:\Code_Source\X_pic\autoUI\autoUI_1_pic,1,activity_ui_70
72,E:\Code_Source\X_pic\autoUI\autoUI_1_pic,1,activity_ui_71
73,E:\Code_Source\X_pic\autoUI\autoUI_1_pic,1,activity_ui_72
74,E:\Code_Source\X_pic\autoUI\autoUI_1_pic,1,activity_ui_73
75,E:\Code_Source\X_pic\autoUI\autoUI_1_pic,1,activity_ui_74
76,E:\Code_Source\X_pic\autoUI\autoUI_1_pic,1,activity_ui_75
77,E:\Code_Source\X_pic\autoUI\autoUI_1_pic,1,activity_ui_76
78,E:\Code_Source\X_pic\autoUI\autoUI_1_pic,1,activity_ui_77
79,E:\Code_Source\X_pic\autoUI\autoUI_1_pic,1,activity_ui_78
80,E:\Code_Source\X_pic\autoUI\autoUI_1_pic,1,activity_ui_79
81,E:\Code_Source\X_pic\autoUI\autoUI_1_pic,1,activity_ui_80
82,E:\Code_Source\X_pic\autoUI\autoUI_1_pic,1,activity_ui_81
83,E:\Code_Source\X_pic\autoUI\autoUI_1_pic,1,activity_ui_82
84,E:\Code_Source\X_pic\autoUI\autoUI_1_pic,1,activity_ui_83
85,E:\Code_Source\X_pic\autoUI\autoUI_1_pic,1,activity_ui_84
86,E:\Code_Source\X_pic\autoUI\autoUI_1_pic,1,activity_ui_85
87,E:\Code_Source\X_pic\autoUI\autoUI_1_pic,1,activity_ui_86
88,E:\Code_Source\X_pic\autoUI\autoUI_1_pic,1,activity_ui_87
89,E:\Code_Source\X_pic\autoUI\autoUI_1_pic,1,activity_ui_88
90,E:\Code_Source\X_pic\autoUI\autoUI_1_pic,1,activity_ui_89
91,E:\Code_Source\X_pic\autoUI\autoUI_1_pic,1,activity_ui_90
92,E:\Code_Source\X_pic\autoUI\autoUI_1_pic,1,activity_ui_91
93,E:\Code_Source\X_pic\autoUI\autoUI_1_pic,1,activity_ui_92
94,E:\Code_Source\X_pic\autoUI\autoUI_1_pic,1,activity_ui_93
95,E:\Code_Source\X_pic\autoUI\autoUI_1_pic,1,activity_ui_94
96,E:\Code_Source\X_pic\autoUI\autoUI_1_pic,1,activity_ui_95
97,E:\Code_Source\X_pic\autoUI\autoUI_1_pic,1,activity_ui_96
98,E:\Code_Source\X_pic\autoUI\autoUI_1_pic,1,activity_ui_97
99,E:\Code_Source\X_pic\autoUI\autoUI_1_pic,1,activity_ui_98
100,E:\Code_Source\X_pic\autoUI\autoUI_1_pic,1,activity_ui_99
101,E:\Code_Source\X_pic\autoUI\autoUI_1_pic,2,activity_ui_100
102,E:\Code_Source\X_pic\autoUI\autoUI_1_pic,2,activity_ui_101
103,E:\Code_Source\X_pic\autoUI\autoUI_1_pic,2,activity_ui_102
104,E:\Code_Source\X_pic\autoUI\autoUI_1_pic,2,activity_ui_103
105,E:\Code_Source\X_pic\autoUI\autoUI_1_pic,2,activity_ui_104
106,E:\Code_Source\X_pic\autoUI\autoUI_1_pic,2,activity_ui_105
107,E:\Code_Source\X_pic\autoUI\autoUI_1_pic,2,activity_ui_106
108,E:\Code_Source\X_pic\autoUI\autoUI_1_pic,2,activity_ui_107
109,E:\Code_Source\X_pic\autoUI\autoUI_1_pic,2,activity_ui_108
110,E:\Code_Source\X_pic\autoUI\autoUI_1_pic,2,activity_ui_109
111,E:\Code_Source\X_pic\autoUI\autoUI_1_pic,2,activity_ui_110
112,E:\Code_Source\X_pic\autoUI\autoUI_1_pic,2,activity_ui_111
113,E:\Code_Source\X_pic\autoUI\autoUI_1_pic,2,activity_ui_112
114,E:\Code_Source\X_pic\autoUI\autoUI_1_pic,2,activity_ui_113
115,E:\Code_Source\X_pic\autoUI\autoUI_1_pic,2,activity_ui_114
116,E:\Code_Source\X_pic\autoUI\autoUI_1_pic,2,activity_ui_115
117,E:\Code_Source\X_pic\autoUI\autoUI_1_pic,2,activity_ui_116
118,E:\Code_Source\X_pic\autoUI\autoUI_1_pic,2,activity_ui_117
119,E:\Code_Source\X_pic\autoUI\autoUI_1_pic,2,activity_ui_118
120,E:\Code_Source\X_pic\autoUI\autoUI_1_pic,2,activity_ui_119
121,E:\Code_Source\X_pic\autoUI\autoUI_1_pic,2,activity_ui_120
122,E:\Code_Source\X_pic\autoUI\autoUI_1_pic,2,activity_ui_121
123,E:\Code_Source\X_pic\autoUI\autoUI_1_pic,2,activity_ui_122
124,E:\Code_Source\X_pic\autoUI\autoUI_1_pic,2,activity_ui_123
125,E:\Code_Source\X_pic\autoUI\autoUI_1_pic,2,activity_ui_124
126,E:\Code_Source\X_pic\autoUI\autoUI_1_pic,2,activity_ui_125
127,E:\Code_Source\X_pic\autoUI\autoUI_1_pic,2,activity_ui_126
128,E:\Code_Source\X_pic\autoUI\autoUI_1_pic,2,activity_ui_127
129,E:\Code_Source\X_pic\autoUI\autoUI_1_pic,2,activity_ui_128
130,E:\Code_Source\X_pic\autoUI\autoUI_1_pic,2,activity_ui_129
131,E:\Code_Source\X_pic\autoUI\autoUI_1_pic,2,activity_ui_130
132,E:\Code_Source\X_pic\autoUI\autoUI_1_pic,2,activity_ui_131
133,E:\Code_Source\X_pic\autoUI\autoUI_1_pic,2,activity_ui_132
134,E:\Code_Source\X_pic\autoUI\autoUI_1_pic,2,activity_ui_133
135,E:\Code_Source\X_pic\autoUI\autoUI_1_pic,2,activity_ui_134
136,E:\Code_Source\X_pic\autoUI\autoUI_1_pic,2,activity_ui_135
137,E:\Code_Source\X_pic\autoUI\autoUI_1_pic,2,activity_ui_136
138,E:\Code_Source\X_pic\autoUI\autoUI_1_pic,2,activity_ui_137
139,E:\Code_Source\X_pic\autoUI\autoUI_1_pic,2,activity_ui_138
140,E:\Code_Source\X_pic\autoUI\autoUI_1_pic,2,activity_ui_139
141,E:\Code_Source\X_pic\autoUI\autoUI_1_pic,2,activity_ui_140
142,E:\Code_Source\X_pic\autoUI\autoUI_1_pic,2,activity_ui_141
143,E:\Code_Source\X_pic\autoUI\autoUI_1_pic,2,activity_ui_142
144,E:\Code_Source\X_pic\autoUI\autoUI_1_pic,2,activity_ui_143
145,E:\Code_Source\X_pic\autoUI\autoUI_1_pic,2,activity_ui_144
146,E:\Code_Source\X_pic\autoUI\autoUI_1_pic,2,activity_ui_145
147,E:\Code_Source\X_pic\autoUI\autoUI_1_pic,2,activity_ui_146
148,E:\Code_Source\X_pic\autoUI\autoUI_1_pic,2,activity_ui_147
149,E:\Code_Source\X_pic\autoUI\autoUI_1_pic,2,activity_ui_148
150,E:\Code_Source\X_pic\autoUI\autoUI_1_pic,2,activity_ui_149
151,E:\Code_Source\X_pic\autoUI\autoUI_1_pic,2,activity_ui_150
152,E:\Code_Source\X_pic\autoUI\autoUI_1_pic,2,activity_ui_151
153,E:\Code_Source\X_pic\autoUI\autoUI_1_pic,2,activity_ui_152
154,E:\Code_Source\X_pic\autoUI\autoUI_1_pic,2,activity_ui_153
155,E:\Code_Source\X_pic\autoUI\autoUI_1_pic,2,activity_ui_154
156,E:\Code_Source\X_pic\autoUI\autoUI_1_pic,2,activity_ui_155
157,E:\Code_Source\X_pic\autoUI\autoUI_1_pic,2,activity_ui_156
158,E:\Code_Source\X_pic\autoUI\autoUI_1_pic,2,activity_ui_157
159,E:\Code_Source\X_pic\autoUI\autoUI_1_pic,2,activity_ui_158
160,E:\Code_Source\X_pic\autoUI\autoUI_1_pic,2,activity_ui_159
161,E:\Code_Source\X_pic\autoUI\autoUI_1_pic,2,activity_ui_160
162,E:\Code_Source\X_pic\autoUI\autoUI_1_pic,2,activity_ui_161
163,E:\Code_Source\X_pic\autoUI\autoUI_1_pic,2,activity_ui_162
164,E:\Code_Source\X_pic\autoUI\autoUI_1_pic,2,activity_ui_163
165,E:\Code_Source\X_pic\autoUI\autoUI_1_pic,2,activity_ui_164
166,E:\Code_Source\X_pic\autoUI\autoUI_1_pic,2,activity_ui_165
167,E:\Code_Source\X_pic\autoUI\autoUI_1_pic,2,activity_ui_166
168,E:\Code_Source\X_pic\autoUI\autoUI_1_pic,2,activity_ui_167
169,E:\Code_Source\X_pic\autoUI\autoUI_1_pic,2,activity_ui_168
170,E:\Code_Source\X_pic\autoUI\autoUI_1_pic,2,activity_ui_169
171,E:\Code_Source\X_pic\autoUI\autoUI_1_pic,2,activity_ui_170
172,E:\Code_Source\X_pic\autoUI\autoUI_1_pic,2,activity_ui_171
173,E:\Code_Source\X_pic\autoUI\autoUI_1_pic,2,activity_ui_172
174,E:\Code_Source\X_pic\autoUI\autoUI_1_pic,2,activity_ui_173
175,E:\Code_Source\X_pic\autoUI\autoUI_1_pic,2,activity_ui_174
176,E:\Code_Source\X_pic\autoUI\autoUI_1_pic,2,activity_ui_175
177,E:\Code_Source\X_pic\autoUI\autoUI_1_pic,2,activity_ui_176
178,E:\Code_Source\X_pic\autoUI\autoUI_1_pic,2,activity_ui_177
179,E:\Code_Source\X_pic\autoUI\autoUI_1_pic,2,activity_ui_178
180,E:\Code_Source\X_pic\autoUI\autoUI_1_pic,2,activity_ui_179
181,E:\Code_Source\X_pic\autoUI\autoUI_1_pic,2,activity_ui_180
182,E:\Code_Source\X_pic\autoUI\autoUI_1_pic,2,activity_ui_181
183,E:\Code_Source\X_pic\autoUI\autoUI_1_pic,2,activity_ui_182
184,E:\Code_Source\X_pic\autoUI\autoUI_1_pic,2,activity_ui_183
185,E:\Code_Source\X_pic\autoUI\autoUI_1_pic,2,activity_ui_184
186,E:\Code_Source\X_pic\autoUI\autoUI_1_pic,2,activity_ui_185
187,E:\Code_Source\X_pic\autoUI\autoUI_1_pic,2,activity_ui_186
188,E:\Code_Source\X_pic\autoUI\autoUI_1_pic,2,activity_ui_187
189,E:\Code_Source\X_pic\autoUI\autoUI_1_pic,2,activity_ui_188
190,E:\Code_Source\X_pic\autoUI\autoUI_1_pic,2,activity_ui_189
191,E:\Code_Source\X_pic\autoUI\autoUI_1_pic,2,activity_ui_190
192,E:\Code_Source\X_pic\autoUI\autoUI_1_pic,2,activity_ui_191
193,E:\Code_Source\X_pic\autoUI\autoUI_1_pic,2,activity_ui_192
194,E:\Code_Source\X_pic\autoUI\autoUI_1_pic,2,activity_ui_193
195,E:\Code_Source\X_pic\autoUI\autoUI_1_pic,2,activity_ui_194
196,E:\Code_Source\X_pic\autoUI\autoUI_1_pic,2,activity_ui_195
197,E:\Code_Source\X_pic\autoUI\autoUI_1_pic,2,activity_ui_196
198,E:\Code_Source\X_pic\autoUI\autoUI_1_pic,2,activity_ui_197
199,E:\Code_Source\X_pic\autoUI\autoUI_1_pic,2,activity_ui_198
200,E:\Code_Source\X_pic\autoUI\autoUI_1_pic,2,activity_ui_199
201,E:\Code_Source\X_pic\autoUI\autoUI_1_pic,3,activity_ui_200
202,E:\Code_Source\X_pic\autoUI\autoUI_1_pic,3,activity_ui_201
203,E:\Code_Source\X_pic\autoUI\autoUI_1_pic,3,activity_ui_202
204,E:\Code_Source\X_pic\autoUI\autoUI_1_pic,3,activity_ui_203
205,E:\Code_Source\X_pic\autoUI\autoUI_1_pic,3,activity_ui_204
206,E:\Code_Source\X_pic\autoUI\autoUI_1_pic,3,activity_ui_205
207,E:\Code_Source\X_pic\autoUI\autoUI_1_pic,3,activity_ui_206
208,E:\Code_Source\X_pic\autoUI\autoUI_1_pic,3,activity_ui_207
209,E:\Code_Source\X_pic\autoUI\autoUI_1_pic,3,activity_ui_208
210,E:\Code_Source\X_pic\autoUI\autoUI_1_pic,3,activity_ui_209
211,E:\Code_Source\X_pic\autoUI\autoUI_1_pic,3,activity_ui_210
212,E:\Code_Source\X_pic\autoUI\autoUI_1_pic,3,activity_ui_211
213,E:\Code_Source\X_pic\autoUI\autoUI_1_pic,3,activity_ui_212
214,E:\Code_Source\X_pic\autoUI\autoUI_1_pic,3,activity_ui_213
215,E:\Code_Source\X_pic\autoUI\autoUI_1_pic,3,activity_ui_214
216,E:\Code_Source\X_pic\autoUI\autoUI_1_pic,3,activity_ui_215
217,E:\Code_Source\X_pic\autoUI\autoUI_1_pic,3,activity_ui_216
218,E:\Code_Source\X_pic\autoUI\autoUI_1_pic,3,activity_ui_217
219,E:\Code_Source\X_pic\autoUI\autoUI_1_pic,3,activity_ui_218
220,E:\Code_Source\X_pic\autoUI\autoUI_1_pic,3,activity_ui_219
221,E:\Code_Source\X_pic\autoUI\autoUI_1_pic,3,activity_ui_220
222,E:\Code_Source\X_pic\autoUI\autoUI_1_pic,3,activity_ui_221
223,E:\Code_Source\X_pic\autoUI\autoUI_1_pic,3,activity_ui_222
224,E:\Code_Source\X_pic\autoUI\autoUI_1_pic,3,activity_ui_223
225,E:\Code_Source\X_pic\autoUI\autoUI_1_pic,3,activity_ui_224
226,E:\Code_Source\X_pic\autoUI\autoUI_1_pic,3,activity_ui_225
227,E:\Code_Source\X_pic\autoUI\autoUI_1_pic,3,activity_ui_226
228,E:\Code_Source\X_pic\autoUI\autoUI_1_pic,3,activity_ui_227
229,E:\Code_Source\X_pic\autoUI\autoUI_1_pic,3,activity_ui_228
230,E:\Code_Source\X_pic\autoUI\autoUI_1_pic,3,activity_ui_229
231,E:\Code_Source\X_pic\autoUI\autoUI_1_pic,3,activity_ui_230
232,E:\Code_Source\X_pic\autoUI\autoUI_1_pic,3,activity_ui_231
233,E:\Code_Source\X_pic\autoUI\autoUI_1_pic,3,activity_ui_232
234,E:\Code_Source\X_pic\autoUI\autoUI_1_pic,3,activity_ui_233
235,E:\Code_Source\X_pic\autoUI\autoUI_1_pic,3,activity_ui_234
236,E:\Code_Source\X_pic\autoUI\autoUI_1_pic,3,activity_ui_235
237,E:\Code_Source\X_pic\autoUI\autoUI_1_pic,3,activity_ui_236
238,E:\Code_Source\X_pic\autoUI\autoUI_1_pic,3,activity_ui_237
239,E:\Code_Source\X_pic\autoUI\autoUI_1_pic,3,activity_ui_238
240,E:\Code_Source\X_pic\autoUI\autoUI_1_pic,3,activity_ui_239
241,E:\Code_Source\X_pic\autoUI\autoUI_1_pic,3,activity_ui_240
242,E:\Code_Source\X_pic\autoUI\autoUI_1_pic,3,activity_ui_241
243,E:\Code_Source\X_pic\autoUI\autoUI_1_pic,3,activity_ui_242
244,E:\Code_Source\X_pic\autoUI\autoUI_1_pic,3,activity_ui_243
245,E:\Code_Source\X_pic\autoUI\autoUI_1_pic,3,activity_ui_244
246,E:\Code_Source\X_pic\autoUI\autoUI_1_pic,3,activity_ui_245
247,E:\Code_Source\X_pic\autoUI\autoUI_1_pic,3,activity_ui_246
248,E:\Code_Source\X_pic\autoUI\autoUI_1_pic,3,activity_ui_247
249,E:\Code_Source\X_pic\autoUI\autoUI_1_pic,3,activity_ui_248
250,E:\Code_Source\X_pic\autoUI\autoUI_1_pic,3,activity_ui_249
251,E:\Code_Source\X_pic\autoUI\autoUI_1_pic,3,activity_ui_250
252,E:\Code_Source\X_pic\autoUI\autoUI_1_pic,3,activity_ui_251
253,E:\Code_Source\X_pic\autoUI\autoUI_1_pic,3,activity_ui_252
254,E:\Code_Source\X_pic\autoUI\autoUI_1_pic,3,activity_ui_253
255,E:\Code_Source\X_pic\autoUI\autoUI_1_pic,3,activity_ui_254
256,E:\Code_Source\X_pic\autoUI\autoUI_1_pic,3,activity_ui_255
257,E:\Code_Source\X_pic\autoUI\autoUI_1_pic,3,activity_ui_256
258,E:\Code_Source\X_pic\autoUI\autoUI_1_pic,3,activity_ui_257
259,E:\Code_Source\X_pic\autoUI\autoUI_1_pic,3,activity_ui_258
260,E:\Code_Source\X_pic\autoUI\autoUI_1_pic,3,activity_ui_259
261,E:\Code_Source\X_pic\autoUI\autoUI_1_pic,3,activity_ui_260
262,E:\Code_Source\X_pic\autoUI\autoUI_1_pic,3,activity_ui_261
263,E:\Code_Source\X_pic\autoUI\autoUI_1_pic,3,activity_ui_262
264,E:\Code_Source\X_pic\autoUI\autoUI_1_pic,3,activity_ui_263
265,E:\Code_Source\X_pic\autoUI\autoUI_1_pic,3,activity_ui_264
266,E:\Code_Source\X_pic\autoUI\autoUI_1_pic,3,activity_ui_265
267,E:\Code_Source\X_pic\autoUI\autoUI_1_pic,3,activity_ui_266
268,E:\Code_Source\X_pic\autoUI\autoUI_1_pic,3,activity_ui_267
269,E:\Code_Source\X_pic\autoUI\autoUI_1_pic,3,activity_ui_268
270,E:\Code_Source\X_pic\autoUI\autoUI_1_pic,3,activity_ui_269
271,E:\Code_Source\X_pic\autoUI\autoUI_1_pic,3,activity_ui_270
272,E:\Code_Source\X_pic\autoUI\autoUI_1_pic,3,activity_ui_271
273,E:\Code_Source\X_pic\autoUI\autoUI_1_pic,3,activity_ui_272
274,E:\Code_Source\X_pic\autoUI\autoUI_1_pic,3,activity_ui_273
275,E:\Code_Source\X_pic\autoUI\autoUI_1_pic,3,activity_ui_274
276,E:\Code_Source\X_pic\autoUI\autoUI_1_pic,3,activity_ui_275
277,E:\Code_Source\X_pic\autoUI\autoUI_1_pic,3,activity_ui_276
278,E:\Code_Source\X_pic\autoUI\autoUI_1_pic,3,activity_ui_277
279,E:\Code_Source\X_pic\autoUI\autoUI_1_pic,3,activity_ui_278
280,E:\Code_Source\X_pic\autoUI\autoUI_1_pic,3,activity_ui_279
281,E:\Code_Source\X_pic\autoUI\autoUI_1_pic,3,activity_ui_280
282,E:\Code_Source\X_pic\autoUI\autoUI_1_pic,3,activity_ui_281
283,E:\Code_Source\X_pic\autoUI\autoUI_1_pic,3,activity_ui_282
284,E:\Code_Source\X_pic\autoUI\autoUI_1_pic,3,activity_ui_283
285,E:\Code_Source\X_pic\autoUI\autoUI_1_pic,3,activity_ui_284
286,E:\Code_Source\X_pic\autoUI\autoUI_1_pic,3,activity_ui_285
287,E:\Code_Source\X_pic\autoUI\autoUI_1_pic,3,activity_ui_286
288,E:\Code_Source\X_pic\autoUI\autoUI_1_pic,3,activity_ui_287
289,E:\Code_Source\X_pic\autoUI\autoUI_1_pic,3,activity_ui_288
290,E:\Code_Source\X_pic\autoUI\autoUI_1_pic,3,activity_ui_289
291,E:\Code_Source\X_pic\autoUI\autoUI_1_pic,3,activity_ui_290
292,E:\Code_Source\X_pic\autoUI\autoUI_1_pic,3,activity_ui_291
293,E:\Code_Source\X_pic\autoUI\autoUI_1_pic,3,activity_ui_292
294,E:\Code_Source\X_pic\autoUI\autoUI_1_pic,3,activity_ui_293
295,E:\Code_Source\X_pic\autoUI\autoUI_1_pic,3,activity_ui_294
296,E:\Code_Source\X_pic\autoUI\autoUI_1_pic,3,activity_ui_295
297,E:\Code_Source\X_pic\autoUI\autoUI_1_pic,3,activity_ui_296
298,E:\Code_Source\X_pic\autoUI\autoUI_1_pic,3,activity_ui_297
299,E:\Code_Source\X_pic\autoUI\autoUI_1_pic,3,activity_ui_298
300,E:\Code_Source\X_pic\autoUI\autoUI_1_pic,3,activity_ui_299
301,E:\Code_Source\X_pic\autoUI\autoUI_1_pic,4,activity_ui_300
302,E:\Code_Source\X_pic\autoUI\autoUI_1_pic,4,activity_ui_301
303,E:\Code_Source\X_pic\autoUI\autoUI_1_pic,4,activity_ui_302
304,E:\Code_Source\X_pic\autoUI\autoUI_1_pic,4,activity_ui_303
305,E:\Code_Source\X_pic\autoUI\autoUI_1_pic,4,activity_ui_304
306,E:\Code_Source\X_pic\autoUI\autoUI_1_pic,4,activity_ui_305
307,E:\Code_Source\X_pic\autoUI\autoUI_1_pic,4,activity_ui_306
308,E:\Code_Source\X_pic\autoUI\autoUI_1_pic,4,activity_ui_307
309,E:\Code_Source\X_pic\autoUI\autoUI_1_pic,4,activity_ui_308
310,E:\Code_Source\X_pic\autoUI\autoUI_1_pic,4,activity_ui_309
311,E:\Code_Source\X_pic\autoUI\autoUI_1_pic,4,activity_ui_310
312,E:\Code_Source\X_pic\autoUI\autoUI_1_pic,4,activity_ui_311
313,E:\Code_Source\X_pic\autoUI\autoUI_1_pic,4,activity_ui_312
314,E:\Code_Source\X_pic\autoUI\autoUI_1_pic,4,activity_ui_313
315,E:\Code_Source\X_pic\autoUI\autoUI_1_pic,4,activity_ui_314
316,E:\Code_Source\X_pic\autoUI\autoUI_1_pic,4,activity_ui_315
317,E:\Code_Source\X_pic\autoUI\autoUI_1_pic,4,activity_ui_316
318,E:\Code_Source\X_pic\autoUI\autoUI_1_pic,4,activity_ui_317
319,E:\Code_Source\X_pic\autoUI\autoUI_1_pic,4,activity_ui_318
320,E:\Code_Source\X_pic\autoUI\autoUI_1_pic,4,activity_ui_319
321,E:\Code_Source\X_pic\autoUI\autoUI_1_pic,4,activity_ui_320
322,E:\Code_Source\X_pic\autoUI\autoUI_1_pic,4,activity_ui_321
323,E:\Code_Source\X_pic\autoUI\autoUI_1_pic,4,activity_ui_322
324,E:\Code_Source\X_pic\autoUI\autoUI_1_pic,4,activity_ui_323
325,E:\Code_Source\X_pic\autoUI\autoUI_1_pic,4,activity_ui_324
326,E:\Code_Source\X_pic\autoUI\autoUI_1_pic,4,activity_ui_325
327,E:\Code_Source\X_pic\autoUI\autoUI_1_pic,4,activity_ui_326
328,E:\Code_Source\X_pic\autoUI\autoUI_1_pic,4,activity_ui_327
329,E:\Code_Source\X_pic\autoUI\autoUI_1_pic,4,activity_ui_328
330,E:\Code_Source\X_pic\autoUI\autoUI_1_pic,4,activity_ui_329
331,E:\Code_Source\X_pic\autoUI\autoUI_1_pic,4,activity_ui_330
332,E:\Code_Source\X_pic\autoUI\autoUI_1_pic,4,activity_ui_331
333,E:\Code_Source\X_pic\autoUI\autoUI_1_pic,4,activity_ui_332
334,E:\Code_Source\X_pic\autoUI\autoUI_1_pic,4,activity_ui_333
335,E:\Code_Source\X_pic\autoUI\autoUI_1_pic,4,activity_ui_334
336,E:\Code_Source\X_pic\autoUI\autoUI_1_pic,4,activity_ui_335
337,E:\Code_Source\X_pic\autoUI\autoUI_1_pic,4,activity_ui_336
338,E:\Code_Source\X_pic\autoUI\autoUI_1_pic,4,activity_ui_337
339,E:\Code_Source\X_pic\autoUI\autoUI_1_pic,4,activity_ui_338
340,E:\Code_Source\X_pic\autoUI\autoUI_1_pic,4,activity_ui_339
341,E:\Code_Source\X_pic\autoUI\autoUI_1_pic,4,activity_ui_340
342,E:\Code_Source\X_pic\autoUI\autoUI_1_pic,4,activity_ui_341
343,E:\Code_Source\X_pic\autoUI\autoUI_1_pic,4,activity_ui_342
344,E:\Code_Source\X_pic\autoUI\autoUI_1_pic,4,activity_ui_343
345,E:\Code_Source\X_pic\autoUI\autoUI_1_pic,4,activity_ui_344
346,E:\Code_Source\X_pic\autoUI\autoUI_1_pic,4,activity_ui_345
347,E:\Code_Source\X_pic\autoUI\autoUI_1_pic,4,activity_ui_346
348,E:\Code_Source\X_pic\autoUI\autoUI_1_pic,4,activity_ui_347
349,E:\Code_Source\X_pic\autoUI\autoUI_1_pic,4,activity_ui_348
350,E:\Code_Source\X_pic\autoUI\autoUI_1_pic,4,activity_ui_349
351,E:\Code_Source\X_pic\autoUI\autoUI_1_pic,4,activity_ui_350
352,E:\Code_Source\X_pic\autoUI\autoUI_1_pic,4,activity_ui_351
353,E:\Code_Source\X_pic\autoUI\autoUI_1_pic,4,activity_ui_352
354,E:\Code_Source\X_pic\autoUI\autoUI_1_pic,4,activity_ui_353
355,E:\Code_Source\X_pic\autoUI\autoUI_1_pic,4,activity_ui_354
356,E:\Code_Source\X_pic\autoUI\autoUI_1_pic,4,activity_ui_355
357,E:\Code_Source\X_pic\autoUI\autoUI_1_pic,4,activity_ui_356
358,E:\Code_Source\X_pic\autoUI\autoUI_1_pic,4,activity_ui_357
359,E:\Code_Source\X_pic\autoUI\autoUI_1_pic,4,activity_ui_358
360,E:\Code_Source\X_pic\autoUI\autoUI_1_pic,4,activity_ui_359
361,E:\Code_Source\X_pic\autoUI\autoUI_1_pic,4,activity_ui_360
362,E:\Code_Source\X_pic\autoUI\autoUI_1_pic,4,activity_ui_361
363,E:\Code_Source\X_pic\autoUI\autoUI_1_pic,4,activity_ui_362
364,E:\Code_Source\X_pic\autoUI\autoUI_1_pic,4,activity_ui_363
365,E:\Code_Source\X_pic\autoUI\autoUI_1_pic,4,activity_ui_364
366,E:\Code_Source\X_pic\autoUI\autoUI_1_pic,4,activity_ui_365
367,E:\Code_Source\X_pic\autoUI\autoUI_1_pic,4,activity_ui_366
368,E:\Code_Source\X_pic\autoUI\autoUI_1_pic,4,activity_ui_367
369,E:\Code_Source\X_pic\autoUI\autoUI_1_pic,4,activity_ui_368
370,E:\Code_Source\X_pic\autoUI\autoUI_1_pic,4,activity_ui_369
371,E:\Code_Source\X_pic\autoUI\autoUI_1_pic,4,activity_ui_370
372,E:\Code_Source\X_pic\autoUI\autoUI_1_pic,4,activity_ui_371
373,E:\Code_Source\X_pic\autoUI\autoUI_1_pic,4,activity_ui_372
374,E:\Code_Source\X_pic\autoUI\autoUI_1_pic,4,activity_ui_373
375,E:\Code_Source\X_pic\autoUI\autoUI_1_pic,4,activity_ui_374
376,E:\Code_Source\X_pic\autoUI\autoUI_1_pic,4,activity_ui_375
377,E:\Code_Source\X_pic\autoUI\autoUI_1_pic,4,activity_ui_376
378,E:\Code_Source\X_pic\autoUI\autoUI_1_pic,4,activity_ui_377
379,E:\Code_Source\X_pic\autoUI\autoUI_1_pic,4,activity_ui_378
380,E:\Code_Source\X_pic\autoUI\autoUI_1_pic,4,activity_ui_379
381,E:\Code_Source\X_pic\autoUI\autoUI_1_pic,4,activity_ui_380
382,E:\Code_Source\X_pic\autoUI\autoUI_1_pic,4,activity_ui_381
383,E:\Code_Source\X_pic\autoUI\autoUI_1_pic,4,activity_ui_382
384,E:\Code_Source\X_pic\autoUI\autoUI_1_pic,4,activity_ui_383
385,E:\Code_Source\X_pic\autoUI\autoUI_1_pic,4,activity_ui_384
386,E:\Code_Source\X_pic\autoUI\autoUI_1_pic,4,activity_ui_385
387,E:\Code_Source\X_pic\autoUI\autoUI_1_pic,4,activity_ui_386
388,E:\Code_Source\X_pic\autoUI\autoUI_1_pic,4,activity_ui_387
389,E:\Code_Source\X_pic\autoUI\autoUI_1_pic,4,activity_ui_388
390,E:\Code_Source\X_pic\autoUI\autoUI_1_pic,4,activity_ui_389
391,E:\Code_Source\X_pic\autoUI\autoUI_1_pic,4,activity_ui_390
392,E:\Code_Source\X_pic\autoUI\autoUI_1_pic,4,activity_ui_391
393,E:\Code_Source\X_pic\autoUI\autoUI_1_pic,4,activity_ui_392
394,E:\Code_Source\X_pic\autoUI\autoUI_1_pic,4,activity_ui_393
395,E:\Code_Source\X_pic\autoUI\autoUI_1_pic,4,activity_ui_394
396,E:\Code_Source\X_pic\autoUI\autoUI_1_pic,4,activity_ui_395
397,E:\Code_Source\X_pic\autoUI\autoUI_1_pic,4,activity_ui_396
398,E:\Code_Source\X_pic\autoUI\autoUI_1_pic,4,activity_ui_397
399,E:\Code_Source\X_pic\autoUI\autoUI_1_pic,4,activity_ui_398
400,E:\Code_Source\X_pic\autoUI\autoUI_1_pic,4,activity_ui_399
401,E:\Code_Source\X_pic\autoUI\autoUI_1_pic,5,activity_ui_400
402,E:\Code_Source\X_pic\autoUI\autoUI_1_pic,5,activity_ui_401
403,E:\Code_Source\X_pic\autoUI\autoUI_1_pic,5,activity_ui_402
404,E:\Code_Source\X_pic\autoUI\autoUI_1_pic,5,activity_ui_403
405,E:\Code_Source\X_pic\autoUI\autoUI_1_pic,5,activity_ui_404
406,E:\Code_Source\X_pic\autoUI\autoUI_1_pic,5,activity_ui_405
407,E:\Code_Source\X_pic\autoUI\autoUI_1_pic,5,activity_ui_406
408,E:\Code_Source\X_pic\autoUI\autoUI_1_pic,5,activity_ui_407
409,E:\Code_Source\X_pic\autoUI\autoUI_1_pic,5,activity_ui_408
410,E:\Code_Source\X_pic\autoUI\autoUI_1_pic,5,activity_ui_409
411,E:\Code_Source\X_pic\autoUI\autoUI_1_pic,5,activity_ui_410
412,E:\Code_Source\X_pic\autoUI\autoUI_1_pic,5,activity_ui_411
413,E:\Code_Source\X_pic\autoUI\autoUI_1_pic,5,activity_ui_412
414,E:\Code_Source\X_pic\autoUI\autoUI_1_pic,5,activity_ui_413
415,E:\Code_Source\X_pic\autoUI\autoUI_1_pic,5,activity_ui_414
416,E:\Code_Source\X_pic\autoUI\autoUI_1_pic,5,activity_ui_415
417,E:\Code_Source\X_pic\autoUI\autoUI_1_pic,5,activity_ui_416
418,E:\Code_Source\X_pic\autoUI\autoUI_1_pic,5,activity_ui_417
419,E:\Code_Source\X_pic\autoUI\autoUI_1_pic,5,activity_ui_418
420,E:\Code_Source\X_pic\autoUI\autoUI_1_pic,5,activity_ui_419
421,E:\Code_Source\X_pic\autoUI\autoUI_1_pic,5,activity_ui_420
422,E:\Code_Source\X_pic\autoUI\autoUI_1_pic,5,activity_ui_421
423,E:\Code_Source\X_pic\autoUI\autoUI_1_pic,5,activity_ui_422
424,E:\Code_Source\X_pic\autoUI\autoUI_1_pic,5,activity_ui_423
425,E:\Code_Source\X_pic\autoUI\autoUI_1_pic,5,activity_ui_424
426,E:\Code_Source\X_pic\autoUI\autoUI_1_pic,5,activity_ui_425
427,E:\Code_Source\X_pic\autoUI\autoUI_1_pic,5,activity_ui_426
428,E:\Code_Source\X_pic\autoUI\autoUI_1_pic,5,activity_ui_427
429,E:\Code_Source\X_pic\autoUI\autoUI_1_pic,5,activity_ui_428
430,E:\Code_Source\X_pic\autoUI\autoUI_1_pic,5,activity_ui_429
431,E:\Code_Source\X_pic\autoUI\autoUI_1_pic,5,activity_ui_430
432,E:\Code_Source\X_pic\autoUI\autoUI_1_pic,5,activity_ui_431
433,E:\Code_Source\X_pic\autoUI\autoUI_1_pic,5,activity_ui_432
434,E:\Code_Source\X_pic\autoUI\autoUI_1_pic,5,activity_ui_433
435,E:\Code_Source\X_pic\autoUI\autoUI_1_pic,5,activity_ui_434
436,E:\Code_Source\X_pic\autoUI\autoUI_1_pic,5,activity_ui_435
437,E:\Code_Source\X_pic\autoUI\autoUI_1_pic,5,activity_ui_436
438,E:\Code_Source\X_pic\autoUI\autoUI_1_pic,5,activity_ui_437
439,E:\Code_Source\X_pic\autoUI\autoUI_1_pic,5,activity_ui_438
440,E:\Code_Source\X_pic\autoUI\autoUI_1_pic,5,activity_ui_439
441,E:\Code_Source\X_pic\autoUI\autoUI_1_pic,5,activity_ui_440
442,E:\Code_Source\X_pic\autoUI\autoUI_1_pic,5,activity_ui_441
443,E:\Code_Source\X_pic\autoUI\autoUI_1_pic,5,activity_ui_442
444,E:\Code_Source\X_pic\autoUI\autoUI_1_pic,5,activity_ui_443
445,E:\Code_Source\X_pic\autoUI\autoUI_1_pic,5,activity_ui_444
446,E:\Code_Source\X_pic\autoUI\autoUI_1_pic,5,activity_ui_445
447,E:\Code_Source\X_pic\autoUI\autoUI_1_pic,5,activity_ui_446
448,E:\Code_Source\X_pic\autoUI\autoUI_1_pic,5,activity_ui_447
449,E:\Code_Source\X_pic\autoUI\autoUI_1_pic,5,activity_ui_448
450,E:\Code_Source\X_pic\autoUI\autoUI_1_pic,5,activity_ui_449
451,E:\Code_Source\X_pic\autoUI\autoUI_1_pic,5,activity_ui_450
452,E:\Code_Source\X_pic\autoUI\autoUI_1_pic,5,activity_ui_451
453,E:\Code_Source\X_pic\autoUI\autoUI_1_pic,5,activity_ui_452
454,E:\Code_Source\X_pic\autoUI\autoUI_1_pic,5,activity_ui_453
455,E:\Code_Source\X_pic\autoUI\autoUI_1_pic,5,activity_ui_454
456,E:\Code_Source\X_pic\autoUI\autoUI_1_pic,5,activity_ui_455
457,E:\Code_Source\X_pic\autoUI\autoUI_1_pic,5,activity_ui_456
458,E:\Code_Source\X_pic\autoUI\autoUI_1_pic,5,activity_ui_457
459,E:\Code_Source\X_pic\autoUI\autoUI_1_pic,5,activity_ui_458
460,E:\Code_Source\X_pic\autoUI\autoUI_1_pic,5,activity_ui_459
461,E:\Code_Source\X_pic\autoUI\autoUI_1_pic,5,activity_ui_460
462,E:\Code_Source\X_pic\autoUI\autoUI_1_pic,5,activity_ui_461
463,E:\Code_Source\X_pic\autoUI\autoUI_1_pic,5,activity_ui_462
464,E:\Code_Source\X_pic\autoUI\autoUI_1_pic,5,activity_ui_463
465,E:\Code_Source\X_pic\autoUI\autoUI_1_pic,5,activity_ui_464
466,E:\Code_Source\X_pic\autoUI\autoUI_1_pic,5,activity_ui_465
467,E:\Code_Source\X_pic\autoUI\autoUI_1_pic,5,activity_ui_466
468,E:\Code_Source\X_pic\autoUI\autoUI_1_pic,5,activity_ui_467
469,E:\Code_Source\X_pic\autoUI\autoUI_1_pic,5,activity_ui_468
470,E:\Code_Source\X_pic\autoUI\autoUI_1_pic,5,activity_ui_469
471,E:\Code_Source\X_pic\autoUI\autoUI_1_pic,5,activity_ui_470
472,E:\Code_Source\X_pic\autoUI\autoUI_1_pic,5,activity_ui_471
473,E:\Code_Source\X_pic\autoUI\autoUI_1_pic,5,activity_ui_472
474,E:\Code_Source\X_pic\autoUI\autoUI_1_pic,5,activity_ui_473
475,E:\Code_Source\X_pic\autoUI\autoUI_1_pic,5,activity_ui_474
476,E:\Code_Source\X_pic\autoUI\autoUI_1_pic,5,activity_ui_475
477,E:\Code_Source\X_pic\autoUI\autoUI_1_pic,5,activity_ui_476
478,E:\Code_Source\X_pic\autoUI\autoUI_1_pic,5,activity_ui_477
479,E:\Code_Source\X_pic\autoUI\autoUI_1_pic,5,activity_ui_478
480,E:\Code_Source\X_pic\autoUI\autoUI_1_pic,5,activity_ui_479
481,E:\Code_Source\X_pic\autoUI\autoUI_1_pic,5,activity_ui_480
482,E:\Code_Source\X_pic\autoUI\autoUI_1_pic,5,activity_ui_481
483,E:\Code_Source\X_pic\autoUI\autoUI_1_pic,5,activity_ui_482
484,E:\Code_Source\X_pic\autoUI\autoUI_1_pic,5,activity_ui_483
485,E:\Code_Source\X_pic\autoUI\autoUI_1_pic,5,activity_ui_484
486,E:\Code_Source\X_pic\autoUI\autoUI_1_pic,5,activity_ui_485
487,E:\Code_Source\X_pic\autoUI\autoUI_1_pic,5,activity_ui_486
488,E:\Code_Source\X_pic\autoUI\autoUI_1_pic,5,activity_ui_487
489,E:\Code_Source\X_pic\autoUI\autoUI_1_pic,5,activity_ui_488
490,E:\Code_Source\X_pic\autoUI\autoUI_1_pic,5,activity_ui_489
491,E:\Code_Source\X_pic\autoUI\autoUI_1_pic,5,activity_ui_490
492,E:\Code_Source\X_pic\autoUI\autoUI_1_pic,5,activity_ui_491
493,E:\Code_Source\X_pic\autoUI\autoUI_1_pic,5,activity_ui_492
494,E:\Code_Source\X_pic\autoUI\autoUI_1_pic,5,activity_ui_493
495,E:\Code_Source\X_pic\autoUI\autoUI_1_pic,5,activity_ui_494
496,E:\Code_Source\X_pic\autoUI\autoUI_1_pic,5,activity_ui_495
497,E:\Code_Source\X_pic\autoUI\autoUI_1_pic,5,activity_ui_496
498,E:\Code_Source\X_pic\autoUI\autoUI_1_pic,5,activity_ui_497
499,E:\Code_Source\X_pic\autoUI\autoUI_1_pic,5,activity_ui_498
500,E:\Code_Source\X_pic\autoUI\autoUI_1_pic,5,activity_ui_499
501,E:\Code_Source\X_pic\autoUI\autoUI_1_pic,6,activity_ui_500
502,E:\Code_Source\X_pic\autoUI\autoUI_1_pic,6,activity_ui_501
503,E:\Code_Source\X_pic\autoUI\autoUI_1_pic,6,activity_ui_502
504,E:\Code_Source\X_pic\autoUI\autoUI_1_pic,6,activity_ui_503
505,E:\Code_Source\X_pic\autoUI\autoUI_1_pic,6,activity_ui_504
506,E:\Code_Source\X_pic\autoUI\autoUI_1_pic,6,activity_ui_505
507,E:\Code_Source\X_pic\autoUI\autoUI_1_pic,6,activity_ui_506
508,E:\Code_Source\X_pic\autoUI\autoUI_1_pic,6,activity_ui_507
509,E:\Code_Source\X_pic\autoUI\autoUI_1_pic,6,activity_ui_508
510,E:\Code_Source\X_pic\autoUI\autoUI_1_pic,6,activity_ui_509
511,E:\Code_Source\X_pic\autoUI\autoUI_1_pic,6,activity_ui_510
512,E:\Code_Source\X_pic\autoUI\autoUI_1_pic,6,activity_ui_511
513,E:\Code_Source\X_pic\autoUI\autoUI_1_pic,6,activity_ui_512
514,E:\Code_Source\X_pic\autoUI\autoUI_1_pic,6,activity_ui_513
515,E:\Code_Source\X_pic\autoUI\autoUI_1_pic,6,activity_ui_514
516,E:\Code_Source\X_pic\autoUI\autoUI_1_pic,6,activity_ui_515
517,E:\Code_Source\X_pic\autoUI\autoUI_1_pic,6,activity_ui_516
518,E:\Code_Source\X_pic\autoUI\autoUI_1_pic,6,activity_ui_517
519,E:\Code_Source\X_pic\autoUI\autoUI_1_pic,6,activity_ui_518
520,E:\Code_Source\X_pic\autoUI\autoUI_1_pic,6,activity_ui_519
521,E:\Code_Source\X_pic\autoUI\autoUI_1_pic,6,activity_ui_520
522,E:\Code_Source\X_pic\autoUI\autoUI_1_pic,6,activity_ui_521
523,E:\Code_Source\X_pic\autoUI\autoUI_1_pic,6,activity_ui_522
524,E:\Code_Source\X_pic\autoUI\autoUI_1_pic,6,activity_ui_523
525,E:\Code_Source\X_pic\autoUI\autoUI_1_pic,6,activity_ui_524
526,E:\Code_Source\X_pic\autoUI\autoUI_1_pic,6,activity_ui_525
527,E:\Code_Source\X_pic\autoUI\autoUI_1_pic,6,activity_ui_526
528,E:\Code_Source\X_pic\autoUI\autoUI_1_pic,6,activity_ui_527
529,E:\Code_Source\X_pic\autoUI\autoUI_1_pic,6,activity_ui_528
530,E:\Code_Source\X_pic\autoUI\autoUI_1_pic,6,activity_ui_529
531,E:\Code_Source\X_pic\autoUI\autoUI_1_pic,6,activity_ui_530
532,E:\Code_Source\X_pic\autoUI\autoUI_1_pic,6,activity_ui_531
533,E:\Code_Source\X_pic\autoUI\autoUI_1_pic,6,activity_ui_532
534,E:\Code_Source\X_pic\autoUI\autoUI_1_pic,6,activity_ui_533
535,E:\Code_Source\X_pic\autoUI\autoUI_1_pic,6,activity_ui_534
536,E:\Code_Source\X_pic\autoUI\autoUI_1_pic,6,activity_ui_535
537,E:\Code_Source\X_pic\autoUI\autoUI_1_pic,6,activity_ui_536
538,E:\Code_Source\X_pic\autoUI\autoUI_1_pic,6,activity_ui_537
539,E:\Code_Source\X_pic\autoUI\autoUI_1_pic,6,activity_ui_538
540,E:\Code_Source\X_pic\autoUI\autoUI_1_pic,6,activity_ui_539
541,E:\Code_Source\X_pic\autoUI\autoUI_1_pic,6,activity_ui_540
542,E:\Code_Source\X_pic\autoUI\autoUI_1_pic,6,activity_ui_541
543,E:\Code_Source\X_pic\autoUI\autoUI_1_pic,6,activity_ui_542
544,E:\Code_Source\X_pic\autoUI\autoUI_1_pic,6,activity_ui_543
545,E:\Code_Source\X_pic\autoUI\autoUI_1_pic,6,activity_ui_544
546,E:\Code_Source\X_pic\autoUI\autoUI_1_pic,6,activity_ui_545
547,E:\Code_Source\X_pic\autoUI\autoUI_1_pic,6,activity_ui_546
548,E:\Code_Source\X_pic\autoUI\autoUI_1_pic,6,activity_ui_547
549,E:\Code_Source\X_pic\autoUI\autoUI_1_pic,6,activity_ui_548
550,E:\Code_Source\X_pic\autoUI\autoUI_1_pic,6,activity_ui_549
551,E:\Code_Source\X_pic\autoUI\autoUI_1_pic,6,activity_ui_550
552,E:\Code_Source\X_pic\autoUI\autoUI_1_pic,6,activity_ui_551
553,E:\Code_Source\X_pic\autoUI\autoUI_1_pic,6,activity_ui_552
554,E:\Code_Source\X_pic\autoUI\autoUI_1_pic,6,activity_ui_553
555,E:\Code_Source\X_pic\autoUI\autoUI_1_pic,6,activity_ui_554
556,E:\Code_Source\X_pic\autoUI\autoUI_1_pic,6,activity_ui_555
557,E:\Code_Source\X_pic\autoUI\autoUI_1_pic,6,activity_ui_556
558,E:\Code_Source\X_pic\autoUI\autoUI_1_pic,6,activity_ui_557
559,E:\Code_Source\X_pic\autoUI\autoUI_1_pic,6,activity_ui_558
560,E:\Code_Source\X_pic\autoUI\autoUI_1_pic,6,activity_ui_559
561,E:\Code_Source\X_pic\autoUI\autoUI_1_pic,6,activity_ui_560
562,E:\Code_Source\X_pic\autoUI\autoUI_1_pic,6,activity_ui_561
563,E:\Code_Source\X_pic\autoUI\autoUI_1_pic,6,activity_ui_562
564,E:\Code_Source\X_pic\autoUI\autoUI_1_pic,6,activity_ui_563
565,E:\Code_Source\X_pic\autoUI\autoUI_1_pic,6,activity_ui_564
566,E:\Code_Source\X_pic\autoUI\autoUI_1_pic,6,activity_ui_565
567,E:\Code_Source\X_pic\autoUI\autoUI_1_pic,6,activity_ui_566
568,E:\Code_Source\X_pic\autoUI\autoUI_1_pic,6,activity_ui_567
569,E:\Code_Source\X_pic\autoUI\autoUI_1_pic,6,activity_ui_568
570,E:\Code_Source\X_pic\autoUI\autoUI_1_pic,6,activity_ui_569
571,E:\Code_Source\X_pic\autoUI\autoUI_1_pic,6,activity_ui_570
572,E:\Code_Source\X_pic\autoUI\autoUI_1_pic,6,activity_ui_571
573,E:\Code_Source\X_pic\autoUI\autoUI_1_pic,6,activity_ui_572
574,E:\Code_Source\X_pic\autoUI\autoUI_1_pic,6,activity_ui_573
575,E:\Code_Source\X_pic\autoUI\autoUI_1_pic,6,activity_ui_574
576,E:\Code_Source\X_pic\autoUI\autoUI_1_pic,6,activity_ui_575
577,E:\Code_Source\X_pic\autoUI\autoUI_1_pic,6,activity_ui_576
578,E:\Code_Source\X_pic\autoUI\autoUI_1_pic,6,activity_ui_577
579,E:\Code_Source\X_pic\autoUI\autoUI_1_pic,6,activity_ui_578
580,E:\Code_Source\X_pic\autoUI\autoUI_1_pic,6,activity_ui_579
581,E:\Code_Source\X_pic\autoUI\autoUI_1_pic,6,activity_ui_580
582,E:\Code_Source\X_pic\autoUI\autoUI_1_pic,6,activity_ui_581
583,E:\Code_Source\X_pic\autoUI\autoUI_1_pic,6,activity_ui_582
584,E:\Code_Source\X_pic\autoUI\autoUI_1_pic,6,activity_ui_583
585,E:\Code_Source\X_pic\autoUI\autoUI_1_pic,6,activity_ui_584
586,E:\Code_Source\X_pic\autoUI\autoUI_1_pic,6,activity_ui_585
587,E:\Code_Source\X_pic\autoUI\autoUI_1_pic,6,activity_ui_586
588,E:\Code_Source\X_pic\autoUI\autoUI_1_pic,6,activity_ui_587
589,E:\Code_Source\X_pic\autoUI\autoUI_1_pic,6,activity_ui_588
590,E:\Code_Source\X_pic\autoUI\autoUI_1_pic,6,activity_ui_589
591,E:\Code_Source\X_pic\autoUI\autoUI_1_pic,6,activity_ui_590
592,E:\Code_Source\X_pic\autoUI\autoUI_1_pic,6,activity_ui_591
593,E:\Code_Source\X_pic\autoUI\autoUI_1_pic,6,activity_ui_592
594,E:\Code_Source\X_pic\autoUI\autoUI_1_pic,6,activity_ui_593
595,E:\Code_Source\X_pic\autoUI\autoUI_1_pic,6,activity_ui_594
596,E:\Code_Source\X_pic\autoUI\autoUI_1_pic,6,activity_ui_595
597,E:\Code_Source\X_pic\autoUI\autoUI_1_pic,6,activity_ui_596
598,E:\Code_Source\X_pic\autoUI\autoUI_1_pic,6,activity_ui_597
599,E:\Code_Source\X_pic\autoUI\autoUI_1_pic,6,activity_ui_598
600,E:\Code_Source\X_pic\autoUI\autoUI_1_pic,6,activity_ui_599
601,E:\Code_Source\X_pic\autoUI\autoUI_1_pic,7,activity_ui_600
602,E:\Code_Source\X_pic\autoUI\autoUI_1_pic,7,activity_ui_601
603,E:\Code_Source\X_pic\autoUI\autoUI_1_pic,7,activity_ui_602
604,E:\Code_Source\X_pic\autoUI\autoUI_1_pic,7,activity_ui_603
605,E:\Code_Source\X_pic\autoUI\autoUI_1_pic,7,activity_ui_604
606,E:\Code_Source\X_pic\autoUI\autoUI_1_pic,7,activity_ui_605
607,E:\Code_Source\X_pic\autoUI\autoUI_1_pic,7,activity_ui_606
608,E:\Code_Source\X_pic\autoUI\autoUI_1_pic,7,activity_ui_607
609,E:\Code_Source\X_pic\autoUI\autoUI_1_pic,7,activity_ui_608
610,E:\Code_Source\X_pic\autoUI\autoUI_1_pic,7,activity_ui_609
611,E:\Code_Source\X_pic\autoUI\autoUI_1_pic,7,activity_ui_610
612,E:\Code_Source\X_pic\autoUI\autoUI_1_pic,7,activity_ui_611
613,E:\Code_Source\X_pic\autoUI\autoUI_1_pic,7,activity_ui_612
614,E:\Code_Source\X_pic\autoUI\autoUI_1_pic,7,activity_ui_613
615,E:\Code_Source\X_pic\autoUI\autoUI_1_pic,7,activity_ui_614
616,E:\Code_Source\X_pic\autoUI\autoUI_1_pic,7,activity_ui_615
617,E:\Code_Source\X_pic\autoUI\autoUI_1_pic,7,activity_ui_616
618,E:\Code_Source\X_pic\autoUI\autoUI_1_pic,7,activity_ui_617
619,E:\Code_Source\X_pic\autoUI\autoUI_1_pic,7,activity_ui_618
620,E:\Code_Source\X_pic\autoUI\autoUI_1_pic,7,activity_ui_619
621,E:\Code_Source\X_pic\autoUI\autoUI_1_pic,7,activity_ui_620
622,E:\Code_Source\X_pic\autoUI\autoUI_1_pic,7,activity_ui_621
623,E:\Code_Source\X_pic\autoUI\autoUI_1_pic,7,activity_ui_622
624,E:\Code_Source\X_pic\autoUI\autoUI_1_pic,7,activity_ui_623
625,E:\Code_Source\X_pic\autoUI\autoUI_1_pic,7,activity_ui_624
626,E:\Code_Source\X_pic\autoUI\autoUI_1_pic,7,activity_ui_625
627,E:\Code_Source\X_pic\autoUI\autoUI_1_pic,7,activity_ui_626
628,E:\Code_Source\X_pic\autoUI\autoUI_1_pic,7,activity_ui_627
629,E:\Code_Source\X_pic\autoUI\autoUI_1_pic,7,activity_ui_628
630,E:\Code_Source\X_pic\autoUI\autoUI_1_pic,7,activity_ui_629
631,E:\Code_Source\X_pic\autoUI\autoUI_1_pic,7,activity_ui_630
632,E:\Code_Source\X_pic\autoUI\autoUI_1_pic,7,activity_ui_631
633,E:\Code_Source\X_pic\autoUI\autoUI_1_pic,7,activity_ui_632
634,E:\Code_Source\X_pic\autoUI\autoUI_1_pic,7,activity_ui_633
635,E:\Code_Source\X_pic\autoUI\autoUI_1_pic,7,activity_ui_634
636,E:\Code_Source\X_pic\autoUI\autoUI_1_pic,7,activity_ui_635
637,E:\Code_Source\X_pic\autoUI\autoUI_1_pic,7,activity_ui_636
638,E:\Code_Source\X_pic\autoUI\autoUI_1_pic,7,activity_ui_637
639,E:\Code_Source\X_pic\autoUI\autoUI_1_pic,7,activity_ui_638
640,E:\Code_Source\X_pic\autoUI\autoUI_1_pic,7,activity_ui_639
641,E:\Code_Source\X_pic\autoUI\autoUI_1_pic,7,activity_ui_640
642,E:\Code_Source\X_pic\autoUI\autoUI_1_pic,7,activity_ui_641
643,E:\Code_Source\X_pic\autoUI\autoUI_1_pic,7,activity_ui_642
644,E:\Code_Source\X_pic\autoUI\autoUI_1_pic,7,activity_ui_643
645,E:\Code_Source\X_pic\autoUI\autoUI_1_pic,7,activity_ui_644
646,E:\Code_Source\X_pic\autoUI\autoUI_1_pic,7,activity_ui_645
647,E:\Code_Source\X_pic\autoUI\autoUI_1_pic,7,activity_ui_646
648,E:\Code_Source\X_pic\autoUI\autoUI_1_pic,7,activity_ui_647
649,E:\Code_Source\X_pic\autoUI\autoUI_1_pic,7,activity_ui_648
650,E:\Code_Source\X_pic\autoUI\autoUI_1_pic,7,activity_ui_649
651,E:\Code_Source\X_pic\autoUI\autoUI_1_pic,7,activity_ui_650
652,E:\Code_Source\X_pic\autoUI\autoUI_1_pic,7,activity_ui_651
653,E:\Code_Source\X_pic\autoUI\autoUI_1_pic,7,activity_ui_652
654,E:\Code_Source\X_pic\autoUI\autoUI_1_pic,7,activity_ui_653
655,E:\Code_Source\X_pic\autoUI\autoUI_1_pic,7,activity_ui_654
656,E:\Code_Source\X_pic\autoUI\autoUI_1_pic,7,activity_ui_655
657,E:\Code_Source\X_pic\autoUI\autoUI_1_pic,7,activity_ui_656
658,E:\Code_Source\X_pic\autoUI\autoUI_1_pic,7,activity_ui_657
659,E:\Code_Source\X_pic\autoUI\autoUI_1_pic,7,activity_ui_658
660,E:\Code_Source\X_pic\autoUI\autoUI_1_pic,7,activity_ui_659
661,E:\Code_Source\X_pic\autoUI\autoUI_1_pic,7,activity_ui_660
662,E:\Code_Source\X_pic\autoUI\autoUI_1_pic,7,activity_ui_661
663,E:\Code_Source\X_pic\autoUI\autoUI_1_pic,7,activity_ui_662
664,E:\Code_Source\X_pic\autoUI\autoUI_1_pic,7,activity_ui_663
665,E:\Code_Source\X_pic\autoUI\autoUI_1_pic,7,activity_ui_664
666,E:\Code_Source\X_pic\autoUI\autoUI_1_pic,7,activity_ui_665
667,E:\Code_Source\X_pic\autoUI\autoUI_1_pic,7,activity_ui_666
668,E:\Code_Source\X_pic\autoUI\autoUI_1_pic,7,activity_ui_667
669,E:\Code_Source\X_pic\autoUI\autoUI_1_pic,7,activity_ui_668
670,E:\Code_Source\X_pic\autoUI\autoUI_1_pic,7,activity_ui_669
671,E:\Code_Source\X_pic\autoUI\autoUI_1_pic,7,activity_ui_670
672,E:\Code_Source\X_pic\autoUI\autoUI_1_pic,7,activity_ui_671
673,E:\Code_Source\X_pic\autoUI\autoUI_1_pic,7,activity_ui_672
674,E:\Code_Source\X_pic\autoUI\autoUI_1_pic,7,activity_ui_673
675,E:\Code_Source\X_pic\autoUI\autoUI_1_pic,7,activity_ui_674
676,E:\Code_Source\X_pic\autoUI\autoUI_1_pic,7,activity_ui_675
677,E:\Code_Source\X_pic\autoUI\autoUI_1_pic,7,activity_ui_676
678,E:\Code_Source\X_pic\autoUI\autoUI_1_pic,7,activity_ui_677
679,E:\Code_Source\X_pic\autoUI\autoUI_1_pic,7,activity_ui_678
680,E:\Code_Source\X_pic\autoUI\autoUI_1_pic,7,activity_ui_679
681,E:\Code_Source\X_pic\autoUI\autoUI_1_pic,7,activity_ui_680
682,E:\Code_Source\X_pic\autoUI\autoUI_1_pic,7,activity_ui_681
683,E:\Code_Source\X_pic\autoUI\autoUI_1_pic,7,activity_ui_682
684,E:\Code_Source\X_pic\autoUI\autoUI_1_pic,7,activity_ui_683
685,E:\Code_Source\X_pic\autoUI\autoUI_1_pic,7,activity_ui_684
686,E:\Code_Source\X_pic\autoUI\autoUI_1_pic,7,activity_ui_685
687,E:\Code_Source\X_pic\autoUI\autoUI_1_pic,7,activity_ui_686
688,E:\Code_Source\X_pic\autoUI\autoUI_1_pic,7,activity_ui_687
689,E:\Code_Source\X_pic\autoUI\autoUI_1_pic,7,activity_ui_688
690,E:\Code_Source\X_pic\autoUI\autoUI_1_pic,7,activity_ui_689
691,E:\Code_Source\X_pic\autoUI\autoUI_1_pic,7,activity_ui_690
692,E:\Code_Source\X_pic\autoUI\autoUI_1_pic,7,activity_ui_691
693,E:\Code_Source\X_pic\autoUI\autoUI_1_pic,7,activity_ui_692
694,E:\Code_Source\X_pic\autoUI\autoUI_1_pic,7,activity_ui_693
695,E:\Code_Source\X_pic\autoUI\autoUI_1_pic,7,activity_ui_694
696,E:\Code_Source\X_pic\autoUI\autoUI_1_pic,7,activity_ui_695
697,E:\Code_Source\X_pic\autoUI\autoUI_1_pic,7,activity_ui_696
698,E:\Code_Source\X_pic\autoUI\autoUI_1_pic,7,activity_ui_697
699,E:\Code_Source\X_pic\autoUI\autoUI_1_pic,7,activity_ui_698
700,E:\Code_Source\X_pic\autoUI\autoUI_1_pic,7,activity_ui_699
701,E:\Code_Source\X_pic\autoUI\autoUI_1_pic,8,activity_ui_700
702,E:\Code_Source\X_pic\autoUI\autoUI_1_pic,8,activity_ui_701
703,E:\Code_Source\X_pic\autoUI\autoUI_1_pic,8,activity_ui_702
704,E:\Code_Source\X_pic\autoUI\autoUI_1_pic,8,activity_ui_703
705,E:\Code_Source\X_pic\autoUI\autoUI_1_pic,8,activity_ui_704
706,E:\Code_Source\X_pic\autoUI\autoUI_1_pic,8,activity_ui_705
707,E:\Code_Source\X_pic\autoUI\autoUI_1_pic,8,activity_ui_706
708,E:\Code_Source\X_pic\autoUI\autoUI_1_pic,8,activity_ui_707
709,E:\Code_Source\X_pic\autoUI\autoUI_1_pic,8,activity_ui_708
710,E:\Code_Source\X_pic\autoUI\autoUI_1_pic,8,activity_ui_709
711,E:\Code_Source\X_pic\autoUI\autoUI_1_pic,8,activity_ui_710
712,E:\Code_Source\X_pic\autoUI\autoUI_1_pic,8,activity_ui_711
713,E:\Code_Source\X_pic\autoUI\autoUI_1_pic,8,activity_ui_712
714,E:\Code_Source\X_pic\autoUI\autoUI_1_pic,8,activity_ui_713
715,E:\Code_Source\X_pic\autoUI\autoUI_1_pic,8,activity_ui_714
716,E:\Code_Source\X_pic\autoUI\autoUI_1_pic,8,activity_ui_715
717,E:\Code_Source\X_pic\autoUI\autoUI_1_pic,8,activity_ui_716
718,E:\Code_Source\X_pic\autoUI\autoUI_1_pic,8,activity_ui_717
719,E:\Code_Source\X_pic\autoUI\autoUI_1_pic,8,activity_ui_718
720,E:\Code_Source\X_pic\autoUI\autoUI_1_pic,8,activity_ui_719
721,E:\Code_Source\X_pic\autoUI\autoUI_1_pic,8,activity_ui_720
722,E:\Code_Source\X_pic\autoUI\autoUI_1_pic,8,activity_ui_721
723,E:\Code_Source\X_pic\autoUI\autoUI_1_pic,8,activity_ui_722
724,E:\Code_Source\X_pic\autoUI\autoUI_1_pic,8,activity_ui_723
725,E:\Code_Source\X_pic\autoUI\autoUI_1_pic,8,activity_ui_724
726,E:\Code_Source\X_pic\autoUI\autoUI_1_pic,8,activity_ui_725
727,E:\Code_Source\X_pic\autoUI\autoUI_1_pic,8,activity_ui_726
728,E:\Code_Source\X_pic\autoUI\autoUI_1_pic,8,activity_ui_727
729,E:\Code_Source\X_pic\autoUI\autoUI_1_pic,8,activity_ui_728
730,E:\Code_Source\X_pic\autoUI\autoUI_1_pic,8,activity_ui_729
731,E:\Code_Source\X_pic\autoUI\autoUI_1_pic,8,activity_ui_730
732,E:\Code_Source\X_pic\autoUI\autoUI_1_pic,8,activity_ui_731
733,E:\Code_Source\X_pic\autoUI\autoUI_1_pic,8,activity_ui_732
734,E:\Code_Source\X_pic\autoUI\autoUI_1_pic,8,activity_ui_733
735,E:\Code_Source\X_pic\autoUI\autoUI_1_pic,8,activity_ui_734
736,E:\Code_Source\X_pic\autoUI\autoUI_1_pic,8,activity_ui_735
737,E:\Code_Source\X_pic\autoUI\autoUI_1_pic,8,activity_ui_736
738,E:\Code_Source\X_pic\autoUI\autoUI_1_pic,8,activity_ui_737
739,E:\Code_Source\X_pic\autoUI\autoUI_1_pic,8,activity_ui_738
740,E:\Code_Source\X_pic\autoUI\autoUI_1_pic,8,activity_ui_739
741,E:\Code_Source\X_pic\autoUI\autoUI_1_pic,8,activity_ui_740
742,E:\Code_Source\X_pic\autoUI\autoUI_1_pic,8,activity_ui_741
743,E:\Code_Source\X_pic\autoUI\autoUI_1_pic,8,activity_ui_742
744,E:\Code_Source\X_pic\autoUI\autoUI_1_pic,8,activity_ui_743
745,E:\Code_Source\X_pic\autoUI\autoUI_1_pic,8,activity_ui_744
746,E:\Code_Source\X_pic\autoUI\autoUI_1_pic,8,activity_ui_745
747,E:\Code_Source\X_pic\autoUI\autoUI_1_pic,8,activity_ui_746
748,E:\Code_Source\X_pic\autoUI\autoUI_1_pic,8,activity_ui_747
749,E:\Code_Source\X_pic\autoUI\autoUI_1_pic,8,activity_ui_748
750,E:\Code_Source\X_pic\autoUI\autoUI_1_pic,8,activity_ui_749
751,E:\Code_Source\X_pic\autoUI\autoUI_1_pic,8,activity_ui_750
752,E:\Code_Source\X_pic\autoUI\autoUI_1_pic,8,activity_ui_751
753,E:\Code_Source\X_pic\autoUI\autoUI_1_pic,8,activity_ui_752
754,E:\Code_Source\X_pic\autoUI\autoUI_1_pic,8,activity_ui_753
755,E:\Code_Source\X_pic\autoUI\autoUI_1_pic,8,activity_ui_754
756,E:\Code_Source\X_pic\autoUI\autoUI_1_pic,8,activity_ui_755
757,E:\Code_Source\X_pic\autoUI\autoUI_1_pic,8,activity_ui_756
758,E:\Code_Source\X_pic\autoUI\autoUI_1_pic,8,activity_ui_757
759,E:\Code_Source\X_pic\autoUI\autoUI_1_pic,8,activity_ui_758
760,E:\Code_Source\X_pic\autoUI\autoUI_1_pic,8,activity_ui_759
761,E:\Code_Source\X_pic\autoUI\autoUI_1_pic,8,activity_ui_760
762,E:\Code_Source\X_pic\autoUI\autoUI_1_pic,8,activity_ui_761
763,E:\Code_Source\X_pic\autoUI\autoUI_1_pic,8,activity_ui_762
764,E:\Code_Source\X_pic\autoUI\autoUI_1_pic,8,activity_ui_763
765,E:\Code_Source\X_pic\autoUI\autoUI_1_pic,8,activity_ui_764
766,E:\Code_Source\X_pic\autoUI\autoUI_1_pic,8,activity_ui_765
767,E:\Code_Source\X_pic\autoUI\autoUI_1_pic,8,activity_ui_766
768,E:\Code_Source\X_pic\autoUI\autoUI_1_pic,8,activity_ui_767
769,E:\Code_Source\X_pic\autoUI\autoUI_1_pic,8,activity_ui_768
770,E:\Code_Source\X_pic\autoUI\autoUI_1_pic,8,activity_ui_769
771,E:\Code_Source\X_pic\autoUI\autoUI_1_pic,8,activity_ui_770
772,E:\Code_Source\X_pic\autoUI\autoUI_1_pic,8,activity_ui_771
773,E:\Code_Source\X_pic\autoUI\autoUI_1_pic,8,activity_ui_772
774,E:\Code_Source\X_pic\autoUI\autoUI_1_pic,8,activity_ui_773
775,E:\Code_Source\X_pic\autoUI\autoUI_1_pic,8,activity_ui_774
776,E:\Code_Source\X_pic\autoUI\autoUI_1_pic,8,activity_ui_775
777,E:\Code_Source\X_pic\autoUI\autoUI_1_pic,8,activity_ui_776
778,E:\Code_Source\X_pic\autoUI\autoUI_1_pic,8,activity_ui_777
779,E:\Code_Source\X_pic\autoUI\autoUI_1_pic,8,activity_ui_778
780,E:\Code_Source\X_pic\autoUI\autoUI_1_pic,8,activity_ui_779
781,E:\Code_Source\X_pic\autoUI\autoUI_1_pic,8,activity_ui_780
782,E:\Code_Source\X_pic\autoUI\autoUI_1_pic,8,activity_ui_781
783,E:\Code_Source\X_pic\autoUI\autoUI_1_pic,8,activity_ui_782
784,E:\Code_Source\X_pic\autoUI\autoUI_1_pic,8,activity_ui_783
785,E:\Code_Source\X_pic\autoUI\autoUI_1_pic,8,activity_ui_784
786,E:\Code_Source\X_pic\autoUI\autoUI_1_pic,8,activity_ui_785
787,E:\Code_Source\X_pic\autoUI\autoUI_1_pic,8,activity_ui_786
788,E:\Code_Source\X_pic\autoUI\autoUI_1_pic,8,activity_ui_787
789,E:\Code_Source\X_pic\autoUI\autoUI_1_pic,8,activity_ui_788
790,E:\Code_Source\X_pic\autoUI\autoUI_1_pic,8,activity_ui_789
791,E:\Code_Source\X_pic\autoUI\autoUI_1_pic,8,activity_ui_790
792,E:\Code_Source\X_pic\autoUI\autoUI_1_pic,8,activity_ui_791
793,E:\Code_Source\X_pic\autoUI\autoUI_1_pic,8,activity_ui_792
794,E:\Code_Source\X_pic\autoUI\autoUI_1_pic,8,activity_ui_793
795,E:\Code_Source\X_pic\autoUI\autoUI_1_pic,8,activity_ui_794
796,E:\Code_Source\X_pic\autoUI\autoUI_1_pic,8,activity_ui_795
797,E:\Code_Source\X_pic\autoUI\autoUI_1_pic,8,activity_ui_796
798,E:\Code_Source\X_pic\autoUI\autoUI_1_pic,8,activity_ui_797
799,E:\Code_Source\X_pic\autoUI\autoUI_1_pic,8,activity_ui_798
800,E:\Code_Source\X_pic\autoUI\autoUI_1_pic,8,activity_ui_799
801,E:\Code_Source\X_pic\autoUI\autoUI_1_pic,9,activity_ui_800
802,E:\Code_Source\X_pic\autoUI\autoUI_1_pic,9,activity_ui_801
803,E:\Code_Source\X_pic\autoUI\autoUI_1_pic,9,activity_ui_802
804,E:\Code_Source\X_pic\autoUI\autoUI_1_pic,9,activity_ui_803
805,E:\Code_Source\X_pic\autoUI\autoUI_1_pic,9,activity_ui_804
806,E:\Code_Source\X_pic\autoUI\autoUI_1_pic,9,activity_ui_805
807,E:\Code_Source\X_pic\autoUI\autoUI_1_pic,9,activity_ui_806
808,E:\Code_Source\X_pic\autoUI\autoUI_1_pic,9,activity_ui_807
809,E:\Code_Source\X_pic\autoUI\autoUI_1_pic,9,activity_ui_808
810,E:\Code_Source\X_pic\autoUI\autoUI_1_pic,9,activity_ui_809
811,E:\Code_Source\X_pic\autoUI\autoUI_1_pic,9,activity_ui_810
812,E:\Code_Source\X_pic\autoUI\autoUI_1_pic,9,activity_ui_811
813,E:\Code_Source\X_pic\autoUI\autoUI_1_pic,9,activity_ui_812
814,E:\Code_Source\X_pic\autoUI\autoUI_1_pic,9,activity_ui_813
815,E:\Code_Source\X_pic\autoUI\autoUI_1_pic,9,activity_ui_814
816,E:\Code_Source\X_pic\autoUI\autoUI_1_pic,9,activity_ui_815
817,E:\Code_Source\X_pic\autoUI\autoUI_1_pic,9,activity_ui_816
818,E:\Code_Source\X_pic\autoUI\autoUI_1_pic,9,activity_ui_817
819,E:\Code_Source\X_pic\autoUI\autoUI_1_pic,9,activity_ui_818
820,E:\Code_Source\X_pic\autoUI\autoUI_1_pic,9,activity_ui_819
821,E:\Code_Source\X_pic\autoUI\autoUI_1_pic,9,activity_ui_820
822,E:\Code_Source\X_pic\autoUI\autoUI_1_pic,9,activity_ui_821
823,E:\Code_Source\X_pic\autoUI\autoUI_1_pic,9,activity_ui_822
824,E:\Code_Source\X_pic\autoUI\autoUI_1_pic,9,activity_ui_823
825,E:\Code_Source\X_pic\autoUI\autoUI_1_pic,9,activity_ui_824
826,E:\Code_Source\X_pic\autoUI\autoUI_1_pic,9,activity_ui_825
827,E:\Code_Source\X_pic\autoUI\autoUI_1_pic,9,activity_ui_826
828,E:\Code_Source\X_pic\autoUI\autoUI_1_pic,9,activity_ui_827
829,E:\Code_Source\X_pic\autoUI\autoUI_1_pic,9,activity_ui_828
830,E:\Code_Source\X_pic\autoUI\autoUI_1_pic,9,activity_ui_829
831,E:\Code_Source\X_pic\autoUI\autoUI_1_pic,9,activity_ui_830
832,E:\Code_Source\X_pic\autoUI\autoUI_1_pic,9,activity_ui_831
833,E:\Code_Source\X_pic\autoUI\autoUI_1_pic,9,activity_ui_832
834,E:\Code_Source\X_pic\autoUI\autoUI_1_pic,9,activity_ui_833
835,E:\Code_Source\X_pic\autoUI\autoUI_1_pic,9,activity_ui_834
836,E:\Code_Source\X_pic\autoUI\autoUI_1_pic,9,activity_ui_835
837,E:\Code_Source\X_pic\autoUI\autoUI_1_pic,9,activity_ui_836
838,E:\Code_Source\X_pic\autoUI\autoUI_1_pic,9,activity_ui_837
839,E:\Code_Source\X_pic\autoUI\autoUI_1_pic,9,activity_ui_838
840,E:\Code_Source\X_pic\autoUI\autoUI_1_pic,9,activity_ui_839
841,E:\Code_Source\X_pic\autoUI\autoUI_1_pic,9,activity_ui_840
842,E:\Code_Source\X_pic\autoUI\autoUI_1_pic,9,activity_ui_841
843,E:\Code_Source\X_pic\autoUI\autoUI_1_pic,9,activity_ui_842
844,E:\Code_Source\X_pic\autoUI\autoUI_1_pic,9,activity_ui_843
845,E:\Code_Source\X_pic\autoUI\autoUI_1_pic,9,activity_ui_844
846,E:\Code_Source\X_pic\autoUI\autoUI_1_pic,9,activity_ui_845
847,E:\Code_Source\X_pic\autoUI\autoUI_1_pic,9,activity_ui_846
848,E:\Code_Source\X_pic\autoUI\autoUI_1_pic,9,activity_ui_847
849,E:\Code_Source\X_pic\autoUI\autoUI_1_pic,9,activity_ui_848
850,E:\Code_Source\X_pic\autoUI\autoUI_1_pic,9,activity_ui_849
851,E:\Code_Source\X_pic\autoUI\autoUI_1_pic,9,activity_ui_850
852,E:\Code_Source\X_pic\autoUI\autoUI_1_pic,9,activity_ui_851
853,E:\Code_Source\X_pic\autoUI\autoUI_1_pic,9,activity_ui_852
854,E:\Code_Source\X_pic\autoUI\autoUI_1_pic,9,activity_ui_853
855,E:\Code_Source\X_pic\autoUI\autoUI_1_pic,9,activity_ui_854
856,E:\Code_Source\X_pic\autoUI\autoUI_1_pic,9,activity_ui_855
857,E:\Code_Source\X_pic\autoUI\autoUI_1_pic,9,activity_ui_856
858,E:\Code_Source\X_pic\autoUI\autoUI_1_pic,9,activity_ui_857
859,E:\Code_Source\X_pic\autoUI\autoUI_1_pic,9,activity_ui_858
860,E:\Code_Source\X_pic\autoUI\autoUI_1_pic,9,activity_ui_859
861,E:\Code_Source\X_pic\autoUI\autoUI_1_pic,9,activity_ui_860
862,E:\Code_Source\X_pic\autoUI\autoUI_1_pic,9,activity_ui_861
863,E:\Code_Source\X_pic\autoUI\autoUI_1_pic,9,activity_ui_862
864,E:\Code_Source\X_pic\autoUI\autoUI_1_pic,9,activity_ui_863
865,E:\Code_Source\X_pic\autoUI\autoUI_1_pic,9,activity_ui_864
866,E:\Code_Source\X_pic\autoUI\autoUI_1_pic,9,activity_ui_865
867,E:\Code_Source\X_pic\autoUI\autoUI_1_pic,9,activity_ui_866
868,E:\Code_Source\X_pic\autoUI\autoUI_1_pic,9,activity_ui_867
869,E:\Code_Source\X_pic\autoUI\autoUI_1_pic,9,activity_ui_868
870,E:\Code_Source\X_pic\autoUI\autoUI_1_pic,9,activity_ui_869
871,E:\Code_Source\X_pic\autoUI\autoUI_1_pic,9,activity_ui_870
872,E:\Code_Source\X_pic\autoUI\autoUI_1_pic,9,activity_ui_871
873,E:\Code_Source\X_pic\autoUI\autoUI_1_pic,9,activity_ui_872
874,E:\Code_Source\X_pic\autoUI\autoUI_1_pic,9,activity_ui_873
875,E:\Code_Source\X_pic\autoUI\autoUI_1_pic,9,activity_ui_874
876,E:\Code_Source\X_pic\autoUI\autoUI_1_pic,9,activity_ui_875
877,E:\Code_Source\X_pic\autoUI\autoUI_1_pic,9,activity_ui_876
878,E:\Code_Source\X_pic\autoUI\autoUI_1_pic,9,activity_ui_877
879,E:\Code_Source\X_pic\autoUI\autoUI_1_pic,9,activity_ui_878
880,E:\Code_Source\X_pic\autoUI\autoUI_1_pic,9,activity_ui_879
881,E:\Code_Source\X_pic\autoUI\autoUI_1_pic,9,activity_ui_880
882,E:\Code_Source\X_pic\autoUI\autoUI_1_pic,9,activity_ui_881
883,E:\Code_Source\X_pic\autoUI\autoUI_1_pic,9,activity_ui_882
884,E:\Code_Source\X_pic\autoUI\autoUI_1_pic,9,activity_ui_883
885,E:\Code_Source\X_pic\autoUI\autoUI_1_pic,9,activity_ui_884
886,E:\Code_Source\X_pic\autoUI\autoUI_1_pic,9,activity_ui_885
887,E:\Code_Source\X_pic\autoUI\autoUI_1_pic,9,activity_ui_886
888,E:\Code_Source\X_pic\autoUI\autoUI_1_pic,9,activity_ui_887
889,E:\Code_Source\X_pic\autoUI\autoUI_1_pic,9,activity_ui_888
890,E:\Code_Source\X_pic\autoUI\autoUI_1_pic,9,activity_ui_889
891,E:\Code_Source\X_pic\autoUI\autoUI_1_pic,9,activity_ui_890
892,E:\Code_Source\X_pic\autoUI\autoUI_1_pic,9,activity_ui_891
893,E:\Code_Source\X_pic\autoUI\autoUI_1_pic,9,activity_ui_892
894,E:\Code_Source\X_pic\autoUI\autoUI_1_pic,9,activity_ui_893
895,E:\Code_Source\X_pic\autoUI\autoUI_1_pic,9,activity_ui_894
896,E:\Code_Source\X_pic\autoUI\autoUI_1_pic,9,activity_ui_895
897,E:\Code_Source\X_pic\autoUI\autoUI_1_pic,9,activity_ui_896
898,E:\Code_Source\X_pic\autoUI\autoUI_1_pic,9,activity_ui_897
899,E:\Code_Source\X_pic\autoUI\autoUI_1_pic,9,activity_ui_898
900,E:\Code_Source\X_pic\autoUI\autoUI_1_pic,9,activity_ui_899
901,E:\Code_Source\X_pic\autoUI\autoUI_1_pic,10,activity_ui_900
902,E:\Code_Source\X_pic\autoUI\autoUI_1_pic,10,activity_ui_901
903,E:\Code_Source\X_pic\autoUI\autoUI_1_pic,10,activity_ui_902
904,E:\Code_Source\X_pic\autoUI\autoUI_1_pic,10,activity_ui_903
905,E:\Code_Source\X_pic\autoUI\autoUI_1_pic,10,activity_ui_904
906,E:\Code_Source\X_pic\autoUI\autoUI_1_pic,10,activity_ui_905
907,E:\Code_Source\X_pic\autoUI\autoUI_1_pic,10,activity_ui_906
908,E:\Code_Source\X_pic\autoUI\autoUI_1_pic,10,activity_ui_907
909,E:\Code_Source\X_pic\autoUI\autoUI_1_pic,10,activity_ui_908
910,E:\Code_Source\X_pic\autoUI\autoUI_1_pic,10,activity_ui_909
911,E:\Code_Source\X_pic\autoUI\autoUI_1_pic,10,activity_ui_910
912,E:\Code_Source\X_pic\autoUI\autoUI_1_pic,10,activity_ui_911
913,E:\Code_Source\X_pic\autoUI\autoUI_1_pic,10,activity_ui_912
914,E:\Code_Source\X_pic\autoUI\autoUI_1_pic,10,activity_ui_913
915,E:\Code_Source\X_pic\autoUI\autoUI_1_pic,10,activity_ui_914
916,E:\Code_Source\X_pic\autoUI\autoUI_1_pic,10,activity_ui_915
917,E:\Code_Source\X_pic\autoUI\autoUI_1_pic,10,activity_ui_916
918,E:\Code_Source\X_pic\autoUI\autoUI_1_pic,10,activity_ui_917
919,E:\Code_Source\X_pic\autoUI\autoUI_1_pic,10,activity_ui_918
920,E:\Code_Source\X_pic\autoUI\autoUI_1_pic,10,activity_ui_919
921,E:\Code_Source\X_pic\autoUI\autoUI_1_pic,10,activity_ui_920
922,E:\Code_Source\X_pic\autoUI\autoUI_1_pic,10,activity_ui_921
923,E:\Code_Source\X_pic\autoUI\autoUI_1_pic,10,activity_ui_922
924,E:\Code_Source\X_pic\autoUI\autoUI_1_pic,10,activity_ui_923
925,E:\Code_Source\X_pic\autoUI\autoUI_1_pic,10,activity_ui_924
926,E:\Code_Source\X_pic\autoUI\autoUI_1_pic,10,activity_ui_925
927,E:\Code_Source\X_pic\autoUI\autoUI_1_pic,10,activity_ui_926
928,E:\Code_Source\X_pic\autoUI\autoUI_1_pic,10,activity_ui_927
929,E:\Code_Source\X_pic\autoUI\autoUI_1_pic,10,activity_ui_928
930,E:\Code_Source\X_pic\autoUI\autoUI_1_pic,10,activity_ui_929
931,E:\Code_Source\X_pic\autoUI\autoUI_1_pic,10,activity_ui_930
932,E:\Code_Source\X_pic\autoUI\autoUI_1_pic,10,activity_ui_931
933,E:\Code_Source\X_pic\autoUI\autoUI_1_pic,10,activity_ui_932
934,E:\Code_Source\X_pic\autoUI\autoUI_1_pic,10,activity_ui_933
935,E:\Code_Source\X_pic\autoUI\autoUI_1_pic,10,activity_ui_934
936,E:\Code_Source\X_pic\autoUI\autoUI_1_pic,10,activity_ui_935
937,E:\Code_Source\X_pic\autoUI\autoUI_1_pic,10,activity_ui_936
938,E:\Code_Source\X_pic\autoUI\autoUI_1_pic,10,activity_ui_937
939,E:\Code_Source\X_pic\autoUI\autoUI_1_pic,10,activity_ui_938
940,E:\Code_Source\X_pic\autoUI\autoUI_1_pic,10,activity_ui_939
941,E:\Code_Source\X_pic\autoUI\autoUI_1_pic,10,activity_ui_940
942,E:\Code_Source\X_pic\autoUI\autoUI_1_pic,10,activity_ui_941
943,E:\Code_Source\X_pic\autoUI\autoUI_1_pic,10,activity_ui_942
944,E:\Code_Source\X_pic\autoUI\autoUI_1_pic,10,activity_ui_943
945,E:\Code_Source\X_pic\autoUI\autoUI_1_pic,10,activity_ui_944
946,E:\Code_Source\X_pic\autoUI\autoUI_1_pic,10,activity_ui_945
947,E:\Code_Source\X_pic\autoUI\autoUI_1_pic,10,activity_ui_946
948,E:\Code_Source\X_pic\autoUI\autoUI_1_pic,10,activity_ui_947
949,E:\Code_Source\X_pic\autoUI\autoUI_1_pic,10,activity_ui_948
950,E:\Code_Source\X_pic\autoUI\autoUI_1_pic,10,activity_ui_949
951,E:\Code_Source\X_pic\autoUI\autoUI_1_pic,10,activity_ui_950
952,E:\Code_Source\X_pic\autoUI\autoUI_1_pic,10,activity_ui_951
953,E:\Code_Source\X_pic\autoUI\autoUI_1_pic,10,activity_ui_952
954,E:\Code_Source\X_pic\autoUI\autoUI_1_pic,10,activity_ui_953
955,E:\Code_Source\X_pic\autoUI\autoUI_1_pic,10,activity_ui_954
956,E:\Code_Source\X_pic\autoUI\autoUI_1_pic,10,activity_ui_955
957,E:\Code_Source\X_pic\autoUI\autoUI_1_pic,10,activity_ui_956
958,E:\Code_Source\X_pic\autoUI\autoUI_1_pic,10,activity_ui_957
959,E:\Code_Source\X_pic\autoUI\autoUI_1_pic,10,activity_ui_958
960,E:\Code_Source\X_pic\autoUI\autoUI_1_pic,10,activity_ui_959
961,E:\Code_Source\X_pic\autoUI\autoUI_1_pic,10,activity_ui_960
962,E:\Code_Source\X_pic\autoUI\autoUI_1_pic,10,activity_ui_961
963,E:\Code_Source\X_pic\autoUI\autoUI_1_pic,10,activity_ui_962
964,E:\Code_Source\X_pic\autoUI\autoUI_1_pic,10,activity_ui_963
965,E:\Code_Source\X_pic\autoUI\autoUI_1_pic,10,activity_ui_964
966,E:\Code_Source\X_pic\autoUI\autoUI_1_pic,10,activity_ui_965
967,E:\Code_Source\X_pic\autoUI\autoUI_1_pic,10,activity_ui_966
968,E:\Code_Source\X_pic\autoUI\autoUI_1_pic,10,activity_ui_967
969,E:\Code_Source\X_pic\autoUI\autoUI_1_pic,10,activity_ui_968
970,E:\Code_Source\X_pic\autoUI\autoUI_1_pic,10,activity_ui_969
971,E:\Code_Source\X_pic\autoUI\autoUI_1_pic,10,activity_ui_970
972,E:\Code_Source\X_pic\autoUI\autoUI_1_pic,10,activity_ui_971
973,E:\Code_Source\X_pic\autoUI\autoUI_1_pic,10,activity_ui_972
974,E:\Code_Source\X_pic\autoUI\autoUI_1_pic,10,activity_ui_973
975,E:\Code_Source\X_pic\autoUI\autoUI_1_pic,10,activity_ui_974
976,E:\Code_Source\X_pic\autoUI\autoUI_1_pic,10,activity_ui_975
977,E:\Code_Source\X_pic\autoUI\autoUI_1_pic,10,activity_ui_976
978,E:\Code_Source\X_pic\autoUI\autoUI_1_pic,10,activity_ui_977
979,E:\Code_Source\X_pic\autoUI\autoUI_1_pic,10,activity_ui_978
980,E:\Code_Source\X_pic\autoUI\autoUI_1_pic,10,activity_ui_979
981,E:\Code_Source\X_pic\autoUI\autoUI_1_pic,10,activity_ui_980
982,E:\Code_Source\X_pic\autoUI\autoUI_1_pic,10,activity_ui_981
983,E:\Code_Source\X_pic\autoUI\autoUI_1_pic,10,activity_ui_982
984,E:\Code_Source\X_pic\autoUI\autoUI_1_pic,10,activity_ui_983
985,E:\Code_Source\X_pic\autoUI\autoUI_1_pic,10,activity_ui_984
986,E:\Code_Source\X_pic\autoUI\autoUI_1_pic,10,activity_ui_985
987,E:\Code_Source\X_pic\autoUI\autoUI_1_pic,10,activity_ui_986
988,E:\Code_Source\X_pic\autoUI\autoUI_1_pic,10,activity_ui_987
989,E:\Code_Source\X_pic\autoUI\autoUI_1_pic,10,activity_ui_988
990,E:\Code_Source\X_pic\autoUI\autoUI_1_pic,10,activity_ui_989
991,E:\Code_Source\X_pic\autoUI\autoUI_1_pic,10,activity_ui_990
992,E:\Code_Source\X_pic\autoUI\autoUI_1_pic,10,activity_ui_991
993,E:\Code_Source\X_pic\autoUI\autoUI_1_pic,10,activity_ui_992
994,E:\Code_Source\X_pic\autoUI\autoUI_1_pic,10,activity_ui_993
995,E:\Code_Source\X_pic\autoUI\autoUI_1_pic,10,activity_ui_994
996,E:\Code_Source\X_pic\autoUI\autoUI_1_pic,10,activity_ui_995
997,E:\Code_Source\X_pic\autoUI\autoUI_1_pic,10,activity_ui_996
998,E:\Code_Source\X_pic\autoUI\autoUI_1_pic,10,activity_ui_997
999,E:\Code_Source\X_pic\autoUI\autoUI_1_pic,10,activity_ui_998
1000,E:\Code_Source\X_pic\autoUI\autoUI_1_pic,10,activity_ui_999
